True;Luiz;Luiz;Luiz;Luiz;111;Luiz;111;34.45;9/23/2022 4:05:46 PM
False;rafael;;rafael;rafael;123;rafael;123;34.6;4/23/2022 4:14:20 PM
False;Zequinha;Rua das Gaivotas 3;8400-612;;345543567;luiz@mail.com;111222333;2;9/23/2022 9:19:04 PM
True;Dani;Rua Monteiro da Cruz 25;11462-310;Guaruja;33523003;dani@mail.com;123123123;15.87;9/24/2022 9:52:23 PM
True;Carlos;Rua das Laranjeiras;11234-999;Enseada;33421525;carlos@mail.com;123321456;0;9/24/2022 9:55:17 PM
True;Jane;Rua do Ouro;22321-123;Cubatao;33424247;jane@mail.com;321321456;830.17;9/24/2022 9:56:10 PM
True;Kamila;Rua Primeiro de Dezembro 1;8400-612;Parchal;924469387;kamila@mail.com;111222333;34.15;9/24/2022 9:57:45 PM
True;Emilia;Rua dos Pardais;32144-432;Pera;111222333;emilia@mail.com;123321654;53.12;9/24/2022 10:00:35 PM
